TARIH,MAC_NO,COMP
01.06.2022,ECBE5F33F885,Bzd-Fan Pervane
01.06.2022,ECBE5F33F885,Bzd-Fan Motoru
01.06.2022,ECBE5F33F885,Bzd-Fan Motoru
01.06.2022,ECBE5F33F885,Bzd-Fan Pervane
01.06.2022,ECBE5F33E8F3,BZD-Raf
02.06.2022,ECBE5F13A8BB,Bzd-Mek. Tamamlayıcı
02.06.2022,ECBE5F13A8BB,Bzd-Mek. Tamamlayıcı
02.06.2022,ECBE5F3920F2,Bzd-Fan Motoru
02.06.2022,ECBE5F3920F2,Bzd-Fan Motoru
03.06.2022,ECBE5FD83463,Bzd-Sepet
03.06.2022,ECBE5FD83463,Bzd-Sepet
03.06.2022,ECBE5FD8E6F0,BZD-Raf
03.06.2022,ECBE5FD8E6F0,BZD-Raf
04.06.2022,ECBE5F93B232,Bzd-Sigorta
04.06.2022,ECBE5F93B232,Bzd-Sigorta
04.06.2022,ECBE5F07A542,Bzd-Sensör
04.06.2022,ECBE5F07A542,Bzd-Sensör
04.06.2022,ECBE5F31FE15,Bzd-Sensör
04.06.2022,ECBE5F31FE15,Bzd-Sensör
04.06.2022,ECBE5F589A53,Bzd-Elekt.Kart
04.06.2022,ECBE5F589A53,Bzd-Elekt.Kart
05.06.2022,ECBE5F395221,Bzd-Elekt.Kart
05.06.2022,ECBE5F395221,Bzd-Inverter Kart
05.06.2022,ECBE5F395221,Bzd-Elekt.Kart
05.06.2022,ECBE5F395221,Bzd-Inverter Kart
05.06.2022,ECBE5F509B3A,Bzd-Elekt.Kart
05.06.2022,ECBE5F509B3A,Bzd-Inverter Kart
05.06.2022,ECBE5F509B3A,DD-Kompresör
05.06.2022,ECBE5F509B3A,Bzd-Elekt.Kart
05.06.2022,ECBE5F509B3A,Bzd-Inverter Kart
05.06.2022,ECBE5F509B3A,DD-Kompresör
06.06.2022,ECBE5F5061E4,Bzd-Elekt.Kart
06.06.2022,ECBE5F5061E4,Bzd-Display
06.06.2022,ECBE5F5061E4,Bzd-Display
06.06.2022,ECBE5F5061E4,Bzd-Elekt.Kart
07.06.2022,ECBE5FD8B4C5,Bzd-Sigorta
07.06.2022,ECBE5FD8B4C5,Bzd-Sigorta
07.06.2022,ECBE5F6A3458,Bzd-Lamba
07.06.2022,ECBE5F6A3458,Bzd-Lamba
07.06.2022,ECBE5FD92AB3,Bzd-Kapı
07.06.2022,ECBE5FD92AB3,Bzd-Kapı
07.06.2022,ECBE5F327A7D,Bzd-Inverter Kart
07.06.2022,ECBE5F327A7D,Bzd-Gaz
07.06.2022,ECBE5F327A7D,Bzd-Dryer
07.06.2022,ECBE5F327A7D,Bzd-Kompresör
07.06.2022,ECBE5F327A7D,Bzd-Dryer
07.06.2022,ECBE5F327A7D,Bzd-Gaz
07.06.2022,ECBE5F327A7D,Bzd-Inverter Kart
07.06.2022,ECBE5F327A7D,Bzd-Kompresör
08.06.2022,CCD3C1FD8975,Bzd-Inverter Kart
08.06.2022,CCD3C1FD8975,Bzd-Inverter Kart
08.06.2022,ECBE5FD5FF80,BZD-Sebzelik
08.06.2022,ECBE5FD5FF80,BZD-Sebzelik
08.06.2022,ECBE5F33F6BB,Bzd-Fan Motoru
08.06.2022,ECBE5F33F6BB,Bzd-Fan Motoru
09.06.2022,ECBE5FE2C8F7,BZD-Raf
09.06.2022,ECBE5FE2C8F7,BZD-Raf
09.06.2022,ECBE5FD5847F,Buzdolabı Logo
09.06.2022,ECBE5FD5847F,Bzd-Kapı
09.06.2022,ECBE5FD5847F,Buzdolabı Logo
09.06.2022,ECBE5FD5847F,Bzd-Kapı
10.06.2022,ECBE5F742C7B,Bzd-Elekt.Kart
10.06.2022,ECBE5F742C7B,Bzd-Elekt.Kart
10.06.2022,CCD3C1A79FA1,Bzd-Kapı
10.06.2022,CCD3C1A79FA1,Bzd-Kapı
10.06.2022,ECBE5F06EB43,BZD-Chiller
10.06.2022,ECBE5F06EB43,Bzd-Mek. Tamamlayıcı
10.06.2022,ECBE5F06EB43,BZD-Chiller
10.06.2022,ECBE5F06EB43,Bzd-Mek. Tamamlayıcı
10.06.2022,ECBE5F0772A5,Buzdolabı Logo
10.06.2022,ECBE5F0772A5,Bzd-Kapı
10.06.2022,ECBE5F0772A5,Bzd-Kapı Kolu
10.06.2022,ECBE5F0772A5,Buzdolabı Logo
10.06.2022,ECBE5F0772A5,Bzd-Kapı
10.06.2022,ECBE5F0772A5,Bzd-Kapı Kolu
11.06.2022,ECBE5FD5FF0F,BZD-Chiller
11.06.2022,ECBE5FD5FF0F,BZD-Chiller
12.06.2022,ECBE5F1D2B0D,Bzd-Kapı
12.06.2022,ECBE5F1D2B0D,Bzd-Kapı
13.06.2022,ECBE5F393B49,Bzd-Elekt.Kart
13.06.2022,ECBE5F393B49,Bzd-Elekt.Kart
14.06.2022,ECBE5F50668F,Bzd-Elekt.Kart
14.06.2022,ECBE5F50668F,Bzd-Display
14.06.2022,ECBE5F50668F,Bzd-Display
14.06.2022,ECBE5F50668F,Bzd-Elekt.Kart
14.06.2022,ECBE5F3358A9,Bzd-Kapı
14.06.2022,ECBE5F3358A9,Bzd-Kapı
14.06.2022,ECBE5F124C00,Bzd-Fan Motoru
14.06.2022,ECBE5F124C00,Bzd-Fan Motoru
14.06.2022,ECBE5F90A03D,Buzdolabı Logo
14.06.2022,ECBE5F90A03D,Bzd-Kapı
14.06.2022,ECBE5F90A03D,Buzdolabı Logo
14.06.2022,ECBE5F90A03D,Bzd-Kapı
15.06.2022,ECBE5FD6A27C,BZD-Chiller
15.06.2022,ECBE5FD6A27C,BZD-Chiller
15.06.2022,ECBE5FD69FD4,Bzd-Kapı Kolu
15.06.2022,ECBE5FD69FD4,Bzd-Kapı Kolu
15.06.2022,ECBE5FD721EE,BZD-Raf
15.06.2022,ECBE5FD721EE,Bzd-Elekt.Kart
15.06.2022,ECBE5FD721EE,Bzd-Elekt.Kart
15.06.2022,ECBE5FD721EE,BZD-Raf
15.06.2022,ECBE5FD6D1A2,Bzd-Mek. Tamamlayıcı
15.06.2022,ECBE5FD6D1A2,Bzd-Mek. Tamamlayıcı
15.06.2022,ECBE5F392C03,Bzd-Elekt.Kart
15.06.2022,ECBE5F392C03,Bzd-Elekt.Kart
15.06.2022,ECBE5F4ED6C8,Bzd-Aksesuar
15.06.2022,ECBE5F4ED6C8,Bzd-Aksesuar
16.06.2022,ECBE5F4FD926,Bzd-Elekt.Kart
16.06.2022,ECBE5F4FD926,Bzd-Elekt.Kart
16.06.2022,ECBE5F51CAC5,Bzd-Kapı
16.06.2022,ECBE5F51CAC5,Bzd-Kapı
16.06.2022,ECBE5F1C74AB,Bzd-Kapı
16.06.2022,ECBE5F1C74AB,Bzd-Kapı
16.06.2022,ECBE5F52B9B0,Bzd-Sepet
16.06.2022,ECBE5F52B9B0,Bzd-Sepet
16.06.2022,ECBE5F19CAAA,Bzd-Gaz
16.06.2022,ECBE5F19CAAA,Bzd-Dryer
16.06.2022,ECBE5F19CAAA,Bzd-Dryer
16.06.2022,ECBE5F19CAAA,Bzd-Gaz
17.06.2022,ECBE5F0553E9,Bzd-Elekt.Kart
17.06.2022,ECBE5F0553E9,Bzd-Inverter Kart
17.06.2022,ECBE5F0553E9,Bzd-Elekt.Kart
17.06.2022,ECBE5F0553E9,Bzd-Inverter Kart
17.06.2022,CCD3C1FDC6AE,Bzd-Kapı Kolu
17.06.2022,CCD3C1FDC6AE,Bzd-Kapı Kolu
17.06.2022,CCD3C1FDC6AE,Bzd-Kapı Kolu
18.06.2022,ECBE5F500058,Bzd-Elekt.Kart
18.06.2022,ECBE5F500058,Bzd-Elekt.Kart
18.06.2022,ECBE5F33FD2F,Bzd-Hava Kanal
18.06.2022,ECBE5F33FD2F,Bzd-Hava Kanal
18.06.2022,ECBE5F078CEC,Bzd-Mek. Tamamlayıcı
18.06.2022,ECBE5F078CEC,Bzd-Mek. Tamamlayıcı
18.06.2022,ECBE5F078CEC,Bzd-Mek. Tamamlayıcı
20.06.2022,ECBE5F69EA58,Bzd-Kapı
20.06.2022,ECBE5F69EA58,Bzd-Kapı
20.06.2022,ECBE5FD54C9C,Bzd-Kapı Kolu
20.06.2022,ECBE5FD54C9C,Bzd-Kapı Kolu
20.06.2022,ECBE5F6B12E0,Bzd-Anahtar/Şalter
20.06.2022,ECBE5F6B12E0,Bzd-Anahtar/Şalter
20.06.2022,ECBE5F585F74,Bzd-Aksesuar
20.06.2022,ECBE5F585F74,Bzd-Elekt.Kart
20.06.2022,ECBE5F585F74,Bzd-Display
20.06.2022,ECBE5F585F74,Bzd-Aksesuar
20.06.2022,ECBE5F585F74,Bzd-Display
20.06.2022,ECBE5F585F74,Bzd-Elekt.Kart
21.06.2022,CCD3C1FE16BB,Bzd-Hava Kanal
21.06.2022,CCD3C1FE16BB,Bzd-Hava Kanal
21.06.2022,ECBE5F13A877,Bzd-Kapı Kolu
21.06.2022,ECBE5F13A877,Bzd-Kapı
21.06.2022,ECBE5F13A877,Bzd-Kapı Kolu
21.06.2022,ECBE5F13A877,Bzd-Kapı
21.06.2022,ECBE5F13A877,Bzd-Kapı Kolu
21.06.2022,ECBE5F928BDD,Bzd-Kapı
21.06.2022,ECBE5F928BDD,Bzd-Kapı
21.06.2022,ECBE5F4F420E,Bzd-Gaz
21.06.2022,ECBE5F4F420E,Bzd-Dryer
21.06.2022,ECBE5F4F420E,Bzd-Kompresör
21.06.2022,ECBE5F4F420E,Bzd-Dryer
21.06.2022,ECBE5F4F420E,Bzd-Gaz
21.06.2022,ECBE5F4F420E,Bzd-Kompresör
21.06.2022,CCD3C17747F6,Bzd-Elekt.Kart
21.06.2022,CCD3C17747F6,Bzd-Display
21.06.2022,CCD3C17747F6,Bzd-Display
21.06.2022,CCD3C17747F6,Bzd-Kablo Grubu
21.06.2022,CCD3C17747F6,Bzd-Display
21.06.2022,CCD3C17747F6,Bzd-Elekt.Kart
22.06.2022,ECBE5F7512AA,BZD-Raf
22.06.2022,ECBE5F7512AA,BZD-Raf
22.06.2022,CCD3C1346744,Bzd-Aksesuar
22.06.2022,CCD3C1346744,Bzd-Aksesuar
22.06.2022,ECBE5F939A84,Bzd-Kapı
22.06.2022,ECBE5F939A84,Bzd-Kapı
23.06.2022,ECBE5F4E85F9,Bzd-Anahtar/Şalter
23.06.2022,ECBE5F4E85F9,Bzd-Anahtar/Şalter
26.06.2022,ECBE5F50BE05,Bzd-Elekt.Kart
26.06.2022,ECBE5F50BE05,Bzd-Rezistans
26.06.2022,ECBE5F50BE05,Bzd-Elekt.Kart
26.06.2022,ECBE5F50BE05,Bzd-Rezistans
27.06.2022,ECBE5F129DE5,Bzd-Gaz
27.06.2022,ECBE5F129DE5,Bzd-Dryer
27.06.2022,ECBE5F129DE5,Bzd-Dryer
27.06.2022,ECBE5F129DE5,Bzd-Gaz
27.06.2022,ECBE5F585F74,Bzd-Aksesuar
27.06.2022,ECBE5F585F74,Bzd-Elekt.Kart
27.06.2022,ECBE5F585F74,Bzd-Display
27.06.2022,ECBE5F585F74,Bzd-Aksesuar
27.06.2022,ECBE5F585F74,Bzd-Display
27.06.2022,ECBE5F585F74,Bzd-Elekt.Kart
29.06.2022,ECBE5F39277D,Bzd-Elekt.Kart
29.06.2022,ECBE5F39277D,Bzd-Elekt.Kart
29.06.2022,ECBE5FE68797,BZD-Sebzelik
29.06.2022,ECBE5FE68797,BZD-Sebzelik
30.06.2022,CCD3C1FD8975,Bzd-Inverter Kart
30.06.2022,CCD3C1FD8975,Bzd-Inverter Kart
30.06.2022,ECBE5F3920F2,Bzd-Elekt.Kart
30.06.2022,ECBE5F3920F2,Bzd-Elekt.Kart
01.07.2022,ECBE5F500058,Bzd-Elekt.Kart
01.07.2022,ECBE5F500058,Bzd-Elekt.Kart
02.07.2022,ECBE5F50BE05,Bzd-Elekt.Kart
02.07.2022,ECBE5F50BE05,Bzd-Elekt.Kart
06.07.2022,ECBE5F07A542,Bzd-Elekt.Kart
06.07.2022,ECBE5F07A542,Bzd-Inverter Kart
06.07.2022,ECBE5F07A542,Bzd-Elekt.Kart
06.07.2022,ECBE5F07A542,Bzd-Inverter Kart
07.07.2022,ECBE5F42919C,Bzd-Elekt.Kart
07.07.2022,ECBE5F42919C,Bzd-Sensör
07.07.2022,ECBE5F42919C,Bzd-Elekt.Kart
07.07.2022,ECBE5F42919C,Bzd-Sensör
07.07.2022,ECBE5F1BD500,Bzd-Mek. Tamamlayıcı
07.07.2022,ECBE5F1BD500,Bzd-Mek. Tamamlayıcı
12.07.2022,ECBE5F3A5685,Bzd-Elekt.Kart
12.07.2022,ECBE5F3A5685,Bzd-Elekt.Kart
13.07.2022,ECBE5F5058B0,Bzd-Elekt.Kart
13.07.2022,ECBE5F5058B0,Bzd-Elekt.Kart
13.07.2022,CCD3C1AA84B2,Bzd-Elekt.Kart
13.07.2022,CCD3C1AA84B2,Bzd-Elekt.Kart
13.07.2022,CCD3C17747F6,Bzd-Aksesuar
13.07.2022,CCD3C17747F6,Bzd-Elekt.Kart
13.07.2022,CCD3C17747F6,Bzd-Display
13.07.2022,CCD3C17747F6,Bzd-Display
14.07.2022,ECBE5F392BF5,Bzd-Elekt.Kart
14.07.2022,ECBE5F392BF5,Bzd-Elekt.Kart
15.07.2022,ECBE5F1AC2BF,BZD-Chiller
15.07.2022,ECBE5F1AC2BF,BZD-Chiller
